timestamp,rank,coin,price,change_24h,market_cap
2026-10-02 20:26:13,1,Bitcoin,"$67,500",5.25%,$1.34T
2026-10-02 20:26:13,2,Ethereum,"$3,450",3.15%,$414B
2026-10-02 20:26:13,3,Tether,$1.00,0.05%,$120B
2026-10-02 20:26:13,4,BNB,$610,6.20%,$91B
2026-10-02 20:26:13,5,Solana,$165,7.45%,$76B
2026-10-02 20:26:13,6,XRP,$0.52,2.80%,$30B
2026-10-02 20:26:13,7,USD Coin,$1.00,0.02%,$28B
2026-10-02 20:26:13,8,Cardano,$0.45,5.60%,$16B
2026-10-02 20:26:13,9,Avalanche,$36.50,4.20%,$14B
2026-10-02 20:26:13,10,Dogecoin,$0.14,8.10%,$20B
2026-10-02 21:15:55,1,Bitcoin,"$85,334.92",1.26%,"$1,714,594,808,344"
2026-10-02 21:15:55,2,Ethereum,"$2,696.61",0.51%,"$329,252,576,393"
2026-10-02 21:15:55,3,Tether,$1.00,0.01%,"$184,051,263,076"
2026-10-02 21:15:55,4,BNB,$773.46,0.76%,"$102,993,432,340"
2026-10-02 21:15:55,5,XRP,$1.51,1.54%,"$95,030,958,264"
2026-10-02 21:15:55,6,USDC,$1.00,-0.02%,"$74,068,338,679"
2026-10-02 21:15:55,7,Solana,$119.95,2.26%,"$70,539,281,322"
2026-10-02 21:15:55,8,TRON,$0.34,0.30%,"$31,885,797,430"
2026-10-02 21:15:55,9,Lido Staked Ether,"$2,694.78",0.55%,"$26,393,730,591"
2026-10-02 21:15:55,10,Zcash,"$1,366.00",1.36%,"$22,304,369,440"
2026-10-02 21:16:44,1,Bitcoin,"$85,334.92",1.26%,"$1,714,594,808,344"
2026-10-02 21:16:44,2,Ethereum,"$2,696.61",0.51%,"$329,252,576,393"
2026-10-02 21:16:44,3,Tether,$1.00,0.01%,"$184,051,263,076"
2026-10-02 21:16:44,4,BNB,$773.46,0.76%,"$102,993,432,340"
2026-10-02 21:16:44,5,XRP,$1.51,1.54%,"$95,030,958,264"
2026-10-02 21:16:44,6,USDC,$1.00,-0.02%,"$74,068,338,679"
2026-10-02 21:16:44,7,Solana,$119.95,2.26%,"$70,539,281,322"
2026-10-02 21:16:44,8,TRON,$0.34,0.30%,"$31,885,797,430"
2026-10-02 21:16:44,9,Lido Staked Ether,"$2,694.78",0.55%,"$26,393,730,591"
2026-10-02 21:16:44,10,Zcash,"$1,366.00",1.36%,"$22,304,369,440"
2026-10-02 21:21:49,1,Bitcoin,"$85,369.51",1.38%,"$1,715,289,876,867"
2026-10-02 21:21:49,2,Ethereum,"$2,697.32",0.58%,"$329,339,158,953"
2026-10-02 21:21:49,3,Tether,$1.00,0.04%,"$184,056,727,524"
2026-10-02 21:21:49,4,BNB,$773.54,0.82%,"$103,003,703,885"
2026-10-02 21:21:49,5,XRP,$1.51,1.65%,"$95,016,520,830"
2026-10-02 21:21:49,6,USDC,$1.00,0.03%,"$74,074,373,305"
2026-10-02 21:21:49,7,Solana,$119.96,2.35%,"$70,542,815,279"
2026-10-02 21:21:49,8,TRON,$0.34,0.43%,"$31,888,094,119"
2026-10-02 21:21:49,9,Lido Staked Ether,"$2,695.44",0.62%,"$26,400,244,950"
2026-10-02 21:21:49,10,Zcash,"$1,365.61",1.39%,"$22,298,036,685"
2026-10-02 21:26:36,1,Bitcoin,"$85,304.26",1.35%,"$1,713,978,804,747"
2026-10-02 21:26:36,2,Ethereum,"$2,696.09",0.55%,"$329,188,977,586"
2026-10-02 21:26:36,3,Tether,$1.00,0.02%,"$184,028,948,814"
2026-10-02 21:26:36,4,BNB,$773.08,0.80%,"$102,942,587,371"
2026-10-02 21:26:36,5,XRP,$1.51,1.57%,"$94,978,989,768"
2026-10-02 21:26:36,6,USDC,$1.00,0.00%,"$74,062,101,135"
2026-10-02 21:26:36,7,Solana,$120.00,2.43%,"$70,571,588,096"
2026-10-02 21:26:36,8,TRON,$0.34,0.48%,"$31,895,684,198"
2026-10-02 21:26:36,9,Lido Staked Ether,"$2,694.29",0.59%,"$26,388,979,146"
2026-10-02 21:26:36,10,Zcash,"$1,367.27",1.65%,"$22,325,224,220"
2026-10-02 21:26:40,1,Bitcoin,"$85,304.26",1.35%,"$1,713,978,804,747"
2026-10-02 21:26:40,2,Ethereum,"$2,696.09",0.55%,"$329,188,977,586"
2026-10-02 21:26:40,3,Tether,$1.00,0.02%,"$184,028,948,814"
2026-10-02 21:26:40,4,BNB,$773.08,0.80%,"$102,942,587,371"
2026-10-02 21:26:40,5,XRP,$1.51,1.57%,"$94,978,989,768"
2026-10-02 21:26:40,6,USDC,$1.00,0.00%,"$74,062,101,135"
2026-10-02 21:26:40,7,Solana,$120.00,2.43%,"$70,571,588,096"
2026-10-02 21:26:40,8,TRON,$0.34,0.48%,"$31,895,684,198"
2026-10-02 21:26:40,9,Lido Staked Ether,"$2,694.29",0.59%,"$26,388,979,146"
2026-10-02 21:26:40,10,Zcash,"$1,367.27",1.65%,"$22,325,224,220"
2026-10-02 21:26:50,1,Bitcoin,"$85,304.26",1.35%,"$1,713,978,804,747"
2026-10-02 21:26:50,2,Ethereum,"$2,696.09",0.55%,"$329,188,977,586"
2026-10-02 21:26:50,3,Tether,$1.00,0.02%,"$184,028,948,814"
2026-10-02 21:26:50,4,BNB,$773.08,0.80%,"$102,942,587,371"
2026-10-02 21:26:50,5,XRP,$1.51,1.57%,"$94,978,989,768"
2026-10-02 21:26:50,6,USDC,$1.00,0.00%,"$74,062,101,135"
2026-10-02 21:26:50,7,Solana,$120.00,2.43%,"$70,571,588,096"
2026-10-02 21:26:50,8,TRON,$0.34,0.48%,"$31,895,684,198"
2026-10-02 21:26:50,9,Lido Staked Ether,"$2,694.29",0.59%,"$26,388,979,146"
2026-10-02 21:26:50,10,Zcash,"$1,367.27",1.65%,"$22,325,224,220"
2026-10-02 21:32:05,1,Bitcoin,"$85,278.42",1.36%,"$1,713,459,570,654"
2026-10-02 21:32:05,2,Ethereum,"$2,696.52",0.64%,"$329,241,171,775"
2026-10-02 21:32:05,3,Tether,$1.00,0.01%,"$184,046,107,118"
2026-10-02 21:32:05,4,BNB,$773.16,0.85%,"$102,953,229,680"
2026-10-02 21:32:05,5,XRP,$1.51,1.70%,"$95,057,466,638"
2026-10-02 21:32:05,6,USDC,$1.00,-0.01%,"$74,070,531,727"
2026-10-02 21:32:05,7,Solana,$119.91,2.42%,"$70,517,031,724"
2026-10-02 21:32:05,8,TRON,$0.34,0.42%,"$31,922,398,218"
2026-10-02 21:32:05,9,Lido Staked Ether,"$2,696.14",0.74%,"$26,407,082,882"
2026-10-02 21:32:05,10,Zcash,"$1,370.45",2.07%,"$22,377,101,977"
2026-10-02 21:35:42,1,Bitcoin,"$85,278.42",1.36%,"$1,713,459,570,654"
2026-10-02 21:35:42,2,Ethereum,"$2,696.52",0.64%,"$329,241,171,775"
2026-10-02 21:35:42,3,Tether,$1.00,0.01%,"$184,046,107,118"
2026-10-02 21:35:42,4,BNB,$773.16,0.85%,"$102,953,229,680"
2026-10-02 21:35:42,5,XRP,$1.51,1.70%,"$95,057,466,638"
2026-10-02 21:35:42,6,USDC,$1.00,-0.01%,"$74,070,531,727"
2026-10-02 21:35:42,7,Solana,$119.91,2.42%,"$70,517,031,724"
2026-10-02 21:35:42,8,TRON,$0.34,0.42%,"$31,922,398,218"
2026-10-02 21:35:42,9,Lido Staked Ether,"$2,696.14",0.74%,"$26,407,082,882"
2026-10-02 21:35:42,10,Zcash,"$1,370.45",2.07%,"$22,377,101,977"
2026-10-02 21:43:25,1,Bitcoin,"$85,291.10",1.13%,"$1,713,714,271,438"
2026-10-02 21:43:25,2,Ethereum,"$2,697.60",0.39%,"$329,373,893,208"
2026-10-02 21:43:25,3,Tether,$1.00,0.06%,"$184,082,191,641"
2026-10-02 21:43:25,4,BNB,$774.21,0.73%,"$103,093,225,460"
2026-10-02 21:43:25,5,XRP,$1.51,1.32%,"$95,114,646,733"
2026-10-02 21:43:25,6,USDC,$1.00,0.02%,"$74,077,194,827"
2026-10-02 21:43:25,7,Solana,$120.00,2.13%,"$70,568,417,696"
2026-10-02 21:43:25,8,TRON,$0.34,0.62%,"$31,984,357,870"
2026-10-02 21:43:25,9,Lido Staked Ether,"$2,696.18",0.41%,"$26,407,463,450"
2026-10-02 21:43:25,10,Zcash,"$1,368.49",1.59%,"$22,344,992,050"
2026-10-02 21:56:38,1,Bitcoin,"$85,152.66",0.57%,"$1,710,932,690,508"
2026-10-02 21:56:38,2,Ethereum,"$2,692.74",-0.20%,"$328,779,473,966"
2026-10-02 21:56:38,3,Tether,$1.00,0.01%,"$184,025,118,806"
2026-10-02 21:56:38,4,BNB,$773.71,0.30%,"$103,026,610,732"
2026-10-02 21:56:38,5,XRP,$1.51,0.49%,"$94,980,503,890"
2026-10-02 21:56:38,6,USDC,$1.00,-0.02%,"$74,095,114,366"
2026-10-02 21:56:38,7,Solana,$120.04,1.47%,"$70,591,893,253"
2026-10-02 21:56:38,8,TRON,$0.34,0.43%,"$31,945,024,826"
2026-10-02 21:56:38,9,Lido Staked Ether,"$2,692.55",-0.12%,"$26,371,888,021"
2026-10-02 21:56:38,10,Zcash,"$1,371.75",1.01%,"$22,398,287,463"
2026-10-02 21:58:17,1,Bitcoin,"$85,152.66",0.57%,"$1,710,932,690,508"
2026-10-02 21:58:17,2,Ethereum,"$2,692.74",-0.20%,"$328,779,473,966"
2026-10-02 21:58:17,3,Tether,$1.00,0.01%,"$184,025,118,806"
2026-10-02 21:58:17,4,BNB,$773.71,0.30%,"$103,026,610,732"
2026-10-02 21:58:17,5,XRP,$1.51,0.49%,"$94,980,503,890"
2026-10-02 21:58:17,6,USDC,$1.00,-0.02%,"$74,095,114,366"
2026-10-02 21:58:17,7,Solana,$120.04,1.47%,"$70,591,893,253"
2026-10-02 21:58:17,8,TRON,$0.34,0.43%,"$31,945,024,826"
2026-10-02 21:58:17,9,Lido Staked Ether,"$2,692.55",-0.12%,"$26,371,888,021"
2026-10-02 21:58:17,10,Zcash,"$1,371.75",1.01%,"$22,398,287,463"
2026-10-02 22:07:40,1,Bitcoin,"$85,201.53",0.53%,"$1,711,914,633,299"
2026-10-02 22:07:40,2,Ethereum,"$2,694.06",-0.31%,"$328,941,088,168"
2026-10-02 22:07:40,3,Tether,$1.00,0.05%,"$184,059,950,222"
2026-10-02 22:07:40,4,BNB,$774.23,0.26%,"$103,096,087,307"
2026-10-02 22:07:40,5,XRP,$1.51,0.40%,"$94,958,624,904"
2026-10-02 22:07:40,6,USDC,$1.00,0.03%,"$74,110,036,667"
2026-10-02 22:07:40,7,Solana,$119.87,1.23%,"$70,494,611,849"
2026-10-02 22:07:40,8,TRON,$0.34,0.21%,"$31,928,014,151"
2026-10-02 22:07:40,9,Lido Staked Ether,"$2,691.68",-0.31%,"$26,363,394,491"
2026-10-02 22:07:40,10,Zcash,"$1,368.15",0.30%,"$22,339,567,810"
2026-10-03 11:57:47,1,Bitcoin,"$84,649.22",-1.45%,"$1,700,836,450,086"
2026-10-03 11:57:47,2,Ethereum,"$2,677.92",-1.79%,"$326,977,904,237"
2026-10-03 11:57:47,3,Tether,$1.00,0.04%,"$184,092,777,566"
2026-10-03 11:57:47,4,BNB,$766.54,-1.29%,"$102,072,238,236"
2026-10-03 11:57:47,5,XRP,$1.49,-2.41%,"$93,705,762,863"
2026-10-03 11:57:47,6,USDC,$1.00,0.02%,"$74,139,587,806"
2026-10-03 11:57:47,7,Solana,$119.68,-1.26%,"$70,391,138,386"
2026-10-03 11:57:47,8,TRON,$0.34,0.38%,"$31,866,393,504"
2026-10-03 11:57:47,9,Lido Staked Ether,"$2,674.37",-1.72%,"$26,193,808,658"
2026-10-03 11:57:47,10,Zcash,"$1,315.98",-4.47%,"$21,487,685,967"
2026-10-03 11:57:57,1,Bitcoin,"$84,649.22",-1.45%,"$1,700,836,450,086"
2026-10-03 11:57:57,2,Ethereum,"$2,677.92",-1.79%,"$326,977,904,237"
2026-10-03 11:57:57,3,Tether,$1.00,0.04%,"$184,092,777,566"
2026-10-03 11:57:57,4,BNB,$766.54,-1.29%,"$102,072,238,236"
2026-10-03 11:57:57,5,XRP,$1.49,-2.41%,"$93,705,762,863"
2026-10-03 11:57:57,6,USDC,$1.00,0.02%,"$74,139,587,806"
2026-10-03 11:57:57,7,Solana,$119.68,-1.26%,"$70,391,138,386"
2026-10-03 11:57:57,8,TRON,$0.34,0.38%,"$31,866,393,504"
2026-10-03 11:57:57,9,Lido Staked Ether,"$2,674.37",-1.72%,"$26,193,808,658"
2026-10-03 11:57:57,10,Zcash,"$1,315.98",-4.47%,"$21,487,685,967"
2026-10-03 11:57:57,1,Bitcoin,"$84,649.22",-1.45%,"$1,700,836,450,086"
2026-10-03 11:57:57,2,Ethereum,"$2,677.92",-1.79%,"$326,977,904,237"
2026-10-03 11:57:57,3,Tether,$1.00,0.04%,"$184,092,777,566"
2026-10-03 11:57:57,4,BNB,$766.54,-1.29%,"$102,072,238,236"
2026-10-03 11:57:57,5,XRP,$1.49,-2.41%,"$93,705,762,863"
2026-10-03 11:57:57,6,USDC,$1.00,0.02%,"$74,139,587,806"
2026-10-03 11:57:57,7,Solana,$119.68,-1.26%,"$70,391,138,386"
2026-10-03 11:57:57,8,TRON,$0.34,0.38%,"$31,866,393,504"
2026-10-03 11:57:57,9,Lido Staked Ether,"$2,674.37",-1.72%,"$26,193,808,658"
2026-10-03 11:57:57,10,Zcash,"$1,315.98",-4.47%,"$21,487,685,967"
2026-10-03 11:58:09,1,Bitcoin,"$84,649.22",-1.45%,"$1,700,836,450,086"
2026-10-03 11:58:09,2,Ethereum,"$2,677.92",-1.79%,"$326,977,904,237"
2026-10-03 11:58:09,3,Tether,$1.00,0.04%,"$184,092,777,566"
2026-10-03 11:58:09,4,BNB,$766.54,-1.29%,"$102,072,238,236"
2026-10-03 11:58:09,5,XRP,$1.49,-2.41%,"$93,705,762,863"
2026-10-03 11:58:09,6,USDC,$1.00,0.02%,"$74,139,587,806"
2026-10-03 11:58:09,7,Solana,$119.68,-1.26%,"$70,391,138,386"
2026-10-03 11:58:09,8,TRON,$0.34,0.38%,"$31,866,393,504"
2026-10-03 11:58:09,9,Lido Staked Ether,"$2,674.37",-1.72%,"$26,193,808,658"
2026-10-03 11:58:09,10,Zcash,"$1,315.98",-4.47%,"$21,487,685,967"
2026-10-03 11:58:10,1,Bitcoin,"$84,649.22",-1.45%,"$1,700,836,450,086"
2026-10-03 11:58:10,2,Ethereum,"$2,677.92",-1.79%,"$326,977,904,237"
2026-10-03 11:58:10,3,Tether,$1.00,0.04%,"$184,092,777,566"
2026-10-03 11:58:10,4,BNB,$766.54,-1.29%,"$102,072,238,236"
2026-10-03 11:58:10,5,XRP,$1.49,-2.41%,"$93,705,762,863"
2026-10-03 11:58:10,6,USDC,$1.00,0.02%,"$74,139,587,806"
2026-10-03 11:58:10,7,Solana,$119.68,-1.26%,"$70,391,138,386"
2026-10-03 11:58:10,8,TRON,$0.34,0.38%,"$31,866,393,504"
2026-10-03 11:58:10,9,Lido Staked Ether,"$2,674.37",-1.72%,"$26,193,808,658"
2026-10-03 11:58:10,10,Zcash,"$1,315.98",-4.47%,"$21,487,685,967"
2026-10-05 20:39:51,1,Bitcoin,"$85,589.78",0.48%,"$1,719,830,341,297"
2026-10-05 20:39:51,2,Ethereum,"$2,704.03",0.26%,"$330,181,974,473"
2026-10-05 20:39:51,3,Tether,$1.00,-0.03%,"$184,069,944,198"
2026-10-05 20:39:51,4,BNB,$789.59,0.34%,"$105,140,504,218"
2026-10-05 20:39:51,5,XRP,$1.50,-0.07%,"$94,722,559,658"
2026-10-05 20:39:51,6,USDC,$1.00,-0.01%,"$74,059,030,437"
2026-10-05 20:39:51,7,Solana,$119.65,-1.48%,"$70,400,256,875"
2026-10-05 20:39:51,8,TRON,$0.34,0.24%,"$31,974,676,932"
2026-10-05 20:39:51,9,Lido Staked Ether,"$2,709.66",0.56%,"$26,539,496,000"
2026-10-05 20:39:51,10,Zcash,"$1,311.24",-0.60%,"$21,410,346,310"
2026-10-05 20:47:35,,CoinMarketCap 20 Index DTF,CMC20,$177.34,0.70%
2026-10-05 20:47:35,,Bitcoin,BTC,"$85,507.89",1.23%
2026-10-05 20:47:35,,Ethereum,ETH,"$2,700.45",0.94%
2026-10-05 20:47:35,,Tether,USDT,$0.9996,0.00%
2026-10-05 20:47:35,,BNB,BNB,$788.50,0.41%
2026-10-05 20:47:35,,XRP,XRP,$1.49,0.99%
2026-10-05 20:47:35,,USDC,USDC,$0.9998,0.01%
2026-10-05 20:47:35,,Solana,SOL,$119.49,1.03%
2026-10-05 20:47:35,,TRON,TRX,$0.3364,0.07%
2026-10-05 20:47:35,,Hyperliquid,HYPE,$92.75,0.34%
2026-10-05 20:53:39,,CoinMarketCap 20 Index DTF,CMC20,$177.33,0.89%
2026-10-05 20:53:39,,Bitcoin,BTC,"$85,488.66",0.96%
2026-10-05 20:53:39,,Ethereum,ETH,"$2,700.31",0.72%
2026-10-05 20:53:39,,Tether,USDT,$0.9996,0.00%
2026-10-05 20:53:39,,BNB,BNB,$789.23,0.43%
2026-10-05 20:53:39,,XRP,XRP,$1.50,1.13%
2026-10-05 20:53:39,,USDC,USDC,$0.9998,0.00%
2026-10-05 20:53:39,,Solana,SOL,$119.62,1.15%
2026-10-05 20:53:39,,TRON,TRX,$0.3363,0.03%
2026-10-05 20:53:39,,Hyperliquid,HYPE,$93.07,0.40%
2026-10-05 20:56:38,,CoinMarketCap 20 Index DTF,CMC20,$177.29,0.80%
2026-10-05 20:56:38,,Bitcoin,BTC,"$85,537.49",0.93%
2026-10-05 20:56:38,,Ethereum,ETH,"$2,703.37",0.62%
2026-10-05 20:56:38,,Tether,USDT,$0.9995,0.01%
2026-10-05 20:56:38,,BNB,BNB,$788.44,0.54%
2026-10-05 20:56:38,,XRP,XRP,$1.50,1.19%
2026-10-05 20:56:38,,USDC,USDC,$0.9997,0.00%
2026-10-05 20:56:38,,Solana,SOL,$119.61,1.18%
2026-10-05 20:56:38,,TRON,TRX,$0.3364,0.00%
2026-10-05 20:56:38,,Hyperliquid,HYPE,$93.06,0.38%
